final_food_name,best_match_clean,matched_original_name,composite_score,Calories (kcal),Carbohydrates (g),Protein (g),Fats (g),Fibre (g),Sodium (mg),Calcium (mg),Iron (mg),Vitamin C (mg),Folate (µg)
Spinach paneer kofta curry (Palak paneer kofta curry),spinach paneer kofta curry,Spinach paneer kofta curry (Palak paneer kofta curry),136.0,606.03,2.94,1.43,65.41,0.75,99.37,37.71,0.68,47.34,197.93
Plain urad dal vada (Uzunne vada/Minapa garelu/Ulundu vadai/Medu vada),plain urad dal vada,Plain urad dal vada (Uzunne vada/Minapa garelu/Ulundu vadai/Medu vada),133.75,745.5,9.7,4.39,76.32,2.27,65.87,10.6,0.96,0.0,13.31
Chicken sweet corn soup,chicken sweet corn soup,Chicken sweet corn soup,125.72,28.32,1.63,14.48,12.59,0.47,12205.33,91.5,3.83,2.02,13.45
Mixed vegetable pulao,mixed vegetable pulao,Mixed vegetable pulao,124.0,113.05,17.49,2.72,3.33,2.67,187.92,19.61,0.6,26.15,80.63
Lemon coriander soup,lemon coriander soup,Lemon coriander soup,124.0,108.06,10.32,2.27,6.26,6.77,219.17,102.57,3.47,8.6,12.47
Pea mushroom curry (Matar mushroom),pea mushroom curry,Pea mushroom curry (Matar mushroom),121.75,93.3,7.41,3.87,5.16,3.86,155.48,22.7,0.97,58.44,84.49
Roasted cauliflower steak,roasted cauliflower steak,Roasted cauliflower steak,121.75,78.68,2.02,2.05,6.7,3.53,120.19,24.47,0.95,47.14,46.0
Indian lamb and egg curry (Nargisi kofta),indian lamb and egg curry,Indian lamb and egg curry (Nargisi kofta),119.5,335.75,2.07,3.84,34.7,0.6,57.44,12.91,0.55,7.67,44.36
Vegetable curry with coconut ,vegetable curry with coconut,Vegetable curry with coconut ,114.85,83.07,7.19,2.77,4.66,3.35,43.4,19.63,0.95,69.6,87.67
Fish in coconut milk (Nariyal ke doodh ke saath machli),fish in coconut milk,Fish in coconut milk (Nariyal ke doodh ke saath machli),114.44,86.21,2.73,8.66,4.43,1.52,73.93,21.94,0.91,10.71,38.0
Spinach mushroom scrambled egg (Palak mushroom bhurji),spinach mushroom scrambled egg,Spinach mushroom scrambled egg (Palak mushroom bhurji),113.18,158.85,0.59,13.28,11.51,0.39,227.97,140.31,1.6,2.27,54.24
Cauliflower kofta curry (Phoolgobhi kofta curry),cauliflower kofta curry,Cauliflower kofta curry (Phoolgobhi kofta curry),112.62,641.1,2.62,1.04,69.62,1.0,93.65,12.26,0.4,53.98,89.51
Vegetable seekh kebab,vegetable seekh kebab,Vegetable seekh kebab,112.62,690.73,5.32,1.57,73.72,0.59,83.67,32.66,0.36,6.86,13.84
Vegetable stock,vegetable stock,Vegetable stock,112.0,17.6,0.96,0.3,1.38,0.38,49.75,5.08,0.12,7.58,13.92
Garlic pickle (Lahasun ka achar),garlic pickle,Garlic pickle (Lahasun ka achar),112.0,413.62,9.75,3.72,39.88,5.13,269.12,54.66,1.82,7.33,15.98
Chicken manchurian,chicken manchurian,Chicken manchurian,112.0,142.34,6.06,9.53,11.96,0.41,2414.77,26.52,1.28,10.37,45.99
Pumpkin halwa (Kaddu ka halwa),pumpkin halwa,Pumpkin halwa (Kaddu ka halwa),112.0,190.27,27.6,1.33,8.81,2.97,8.09,24.34,0.63,8.08,27.9
Pumpkin raita (Kaddu ka raita),pumpkin raita,Pumpkin raita (Kaddu ka raita),112.0,55.6,6.02,3.74,1.88,1.04,129.14,130.11,0.33,7.11,31.7
Mixed vegetable pickle (Sabziyoon ka achaar),mixed vegetable pickle,Mixed vegetable pickle (Sabziyoon ka achaar),112.0,211.2,7.48,1.9,19.68,2.76,2488.32,42.81,2.12,,
Creamed spinach,creamed spinach,Creamed spinach,112.0,96.91,4.44,5.18,6.39,1.33,156.02,122.3,1.89,62.17,320.46
Onion raita (Pyaaz ka raita),onion raita,Onion raita (Pyaaz ka raita),112.0,71.56,7.86,4.86,2.43,0.65,189.96,163.8,0.3,8.44,32.13
Egg drop soup,egg drop soup,Egg drop soup,110.54,26.64,1.1,12.93,13.52,0.81,12418.84,100.14,3.93,8.51,28.19
Bottle gourd raita (Ghiya/Lauki ka raita),bottle gourd raita,Bottle gourd raita (Ghiya/Lauki ka raita),110.05,56.31,5.76,3.98,2.07,0.85,188.37,138.26,0.23,4.76,39.49
Lemon green chilli pickle (Nimboo aur hari mirch ka achaar),lemon green chilli pickle,Lemon green chilli pickle (Nimboo aur hari mirch ka achaar),109.75,14.07,2.14,0.85,0.24,1.07,7559.38,20.05,0.55,,
Tandoori fish,tandoori fish,Tandoori fish,109.75,95.98,2.37,11.19,4.64,0.58,123.94,37.27,0.46,19.66,27.55
Tomato ginger chutney (Tamatar adarak ki chutney),tomato ginger chutney,Tomato ginger chutney (Tamatar adarak ki chutney),109.75,44.66,9.11,1.05,0.32,2.14,209.42,23.63,1.08,3.65,2.29
Tomato onion raita (Tamatar aur pyaaz ka raita),tomato onion raita,Tomato onion raita (Tamatar aur pyaaz ka raita),109.75,59.0,7.08,3.74,1.84,0.97,165.21,120.62,0.26,15.04,34.77
Masala dosa mixed vegetable fillings,masala dosa mixed vegetable fillings,Masala dosa mixed vegetable fillings,109.62,144.53,23.02,4.84,3.26,4.31,122.08,31.79,1.21,52.07,89.33
Dal makhani,dal makhani,Dal makhani,109.57,74.04,7.96,3.32,3.06,2.27,41.85,20.62,1.23,9.19,75.16
Mushroom matar,mushroom matar,Mushroom matar,109.57,70.77,5.33,2.79,4.11,3.13,61.63,21.42,0.81,39.15,54.07
Chicken kebab,chicken kebab,Chicken kebab,109.57,729.41,1.11,3.71,78.89,0.21,69.76,3.46,0.28,0.41,3.83
Vegetable soup,vegetable soup,Vegetable soup,109.57,55.21,7.6,2.22,1.55,3.01,170.68,18.1,0.63,,
Vegetable upma,vegetable upma,Vegetable upma,109.57,146.47,16.46,4.73,6.63,4.19,347.02,26.68,1.35,14.42,50.48
Creamy chicken,creamy chicken,Creamy chicken,109.57,152.87,3.13,13.52,9.57,0.69,97.08,50.37,0.82,7.46,32.64
Masala dosa,masala dosa,Masala dosa,109.57,164.58,19.57,3.29,7.84,2.52,191.28,15.58,0.79,14.14,35.76
Chilli paneer,chilli paneer,Chilli paneer,109.57,777.51,3.31,2.1,84.01,0.5,89.04,42.9,0.36,4.87,28.7
Chicken curry,chicken curry,Chicken curry,109.57,129.22,3.38,11.79,7.57,1.41,108.0,27.29,0.87,16.79,38.7
Masala dosa paneer fillings,masala dosa paneer fillings,Masala dosa paneer fillings,109.0,243.12,29.76,10.31,8.84,3.11,160.4,171.23,1.27,11.5,94.26
Egg curry (Anda curry),egg curry,Egg curry (Anda curry),107.55,117.52,4.03,5.38,8.81,2.09,142.12,41.59,1.52,19.03,44.73
Pav bhaji,pav bhaji,Pav bhaji,107.55,96.53,11.99,2.66,4.32,1.98,163.89,24.86,0.97,76.48,170.49
Masala vada,masala vada,Masala vada,107.55,826.02,4.06,1.69,89.15,1.07,74.53,7.45,0.52,2.05,32.14
Fish curry (Machli curry),fish curry,Fish curry (Machli curry),107.55,111.13,3.77,8.76,6.69,1.89,184.71,52.06,1.09,22.48,40.45
"Lemon rice (Pulihora, Elumichai sadam, Chitranna)",lemon rice,"Lemon rice (Pulihora, Elumichai sadam, Chitranna)",107.55,176.3,21.62,4.26,7.88,2.52,187.11,12.7,0.77,10.2,38.01
Stuffed capsicum (Bharwa shimla mirch),stuffed capsicum,Stuffed capsicum (Bharwa shimla mirch),107.55,90.94,8.26,1.34,5.7,2.01,173.94,15.17,0.61,74.25,38.35
Butter chicken,butter chicken,Butter chicken,107.55,137.0,3.74,10.92,8.7,1.32,26.21,25.28,0.92,32.65,40.85
Chicken pulao,chicken pulao,Chicken pulao,107.55,108.24,11.17,6.07,8.48,1.64,3093.47,32.25,0.98,4.47,38.7
Paneer curry,paneer curry,Paneer curry,107.55,176.52,8.4,7.8,12.38,1.4,216.09,189.06,0.81,20.04,95.56
Meringue and rice pudding,meringue and rice pudding,Meringue and rice pudding,107.5,112.93,14.6,4.84,4.05,0.17,44.16,85.43,0.37,3.02,24.69
Cream of carrot soup,cream of carrot soup,Cream of carrot soup,107.5,59.77,5.69,8.27,12.35,1.98,8694.79,57.24,1.73,10.68,37.89
Mushroom and cheese sandwich (toasted),mushroom and cheese sandwich,Mushroom and cheese sandwich (toasted),107.5,227.42,21.01,7.79,13.01,2.28,456.57,172.35,0.84,0.0,12.7
Garlic chickpea soup (Lahasun aur chane ka shoraba),garlic chickpea soup,Garlic chickpea soup (Lahasun aur chane ka shoraba),107.5,89.53,13.92,4.45,2.01,2.84,79.73,13.93,0.96,13.24,380.59
Masala urad dal vada,masala urad dal vada,Masala urad dal vada,107.02,703.78,9.93,4.32,71.62,2.71,61.49,11.87,1.0,2.05,15.89
Dal moong,dal moong,Dal moong,105.73,43.69,4.92,2.2,1.62,1.08,117.74,7.69,0.52,,
Lemon chicken,lemon chicken,Lemon chicken,105.73,169.79,0.55,20.2,9.66,0.16,79.93,17.4,0.95,8.94,31.21
Dum aloo,dum aloo,Dum aloo,105.73,682.33,3.33,0.7,74.01,0.68,183.85,16.49,0.36,29.39,34.41
Ginger chicken,ginger chicken,Ginger chicken,105.73,129.17,5.6,8.24,8.24,1.21,365.86,18.41,0.96,49.96,64.3
Methi poori,methi poori,Methi poori,105.73,710.02,7.98,1.45,74.6,1.61,35.37,14.61,0.81,2.91,8.47
Paneer pulao,paneer pulao,Paneer pulao,105.73,581.91,8.76,1.98,59.81,0.62,72.28,33.09,0.26,3.42,69.28
Paaner do pyaza,paaner do pyaza,Paaner do pyaza,105.6,127.7,3.41,4.22,10.87,0.84,160.66,57.22,0.45,16.81,35.64
Maa chaane ki dal,maa chaane ki dal,Maa chaane ki dal,105.48,344.67,43.11,19.8,9.5,13.45,43.31,68.65,5.97,1.43,102.41
Radish parantha/paratha (Mooli ka parantha/paratha),radish parantha paratha,Radish parantha/paratha (Mooli ka parantha/paratha),105.48,183.52,20.54,3.3,9.53,4.32,127.03,23.75,1.39,8.44,20.74
Paneer kofta curry,paneer kofta curry,Paneer kofta curry,105.16,670.91,3.27,2.39,72.06,0.4,121.72,59.49,0.34,17.06,97.75
Sprouted moong pulao,sprouted moong pulao,Sprouted moong pulao,103.38,112.97,17.49,2.19,3.61,1.78,153.16,16.26,0.65,7.53,43.15
Methi pakora/pakoda (Methi ke pakode),methi pakora pakoda,Methi pakora/pakoda (Methi ke pakode),103.38,713.25,4.68,2.06,76.39,1.18,69.83,23.07,0.69,23.31,126.81
Fish tikka,fish tikka,Fish tikka,101.58,117.33,3.91,16.0,4.15,1.18,503.44,31.98,1.41,0.9,4.62
Rice kheer (Chawal ki kheer),rice kheer,Rice kheer (Chawal ki kheer),101.58,75.03,10.05,2.3,2.97,0.17,16.24,75.57,0.17,5.06,19.54
Spinach mushroom (Palak mushroom),spinach mushroom,Spinach mushroom (Palak mushroom),101.58,47.63,2.95,1.94,2.96,2.27,70.97,49.75,1.69,60.21,232.9
Sesame ladoo (Til ke ladoo),sesame ladoo,Sesame ladoo (Til ke ladoo),101.58,396.96,43.5,10.7,19.64,7.72,18.55,631.82,8.94,0.0,18.17
Chilli chicken,chilli chicken,Chilli chicken,101.58,198.83,2.86,9.57,16.56,0.99,223.75,12.97,0.66,55.19,51.55
Rice upma,rice upma,Rice upma,101.58,151.27,17.96,2.63,7.46,2.12,101.75,17.57,0.67,4.64,11.94
Spinach raita (Palak ka raita),spinach raita,Spinach raita (Palak ka raita),101.58,52.75,5.06,3.95,1.86,1.39,126.57,142.96,1.61,32.9,160.65
Spinach paneer (Palak paneer),spinach paneer,Spinach paneer (Palak paneer),101.58,77.68,4.43,4.03,4.76,1.91,166.87,113.25,1.85,60.21,267.05
Peas pulao (Matar pulao),peas pulao,Peas pulao (Matar pulao),101.58,108.87,18.42,3.89,1.9,3.21,86.18,18.18,0.78,62.36,110.56
Chapati/Roti,chapati roti,Chapati/Roti,101.58,202.31,35.65,5.88,3.56,6.31,1.16,17.22,2.28,0.0,5.84
Garam masala,garam masala,Garam masala,101.58,254.21,26.2,9.89,10.97,35.56,58.33,609.77,14.51,,
Curd rice (Dahi bhaat/Dahi chawal/ Perugu annam/Daddojanam/Thayir saadam),curd rice,Curd rice (Dahi bhaat/Dahi chawal/ Perugu annam/Daddojanam/Thayir saadam),101.58,195.74,32.93,5.75,4.32,2.13,213.29,101.52,0.59,5.1,28.24
Chicken korma,chicken korma,Chicken korma,101.58,147.96,5.43,9.83,9.67,1.82,119.21,68.66,1.06,10.02,58.86
Spinach soup (Palak ka soup),spinach soup,Spinach soup (Palak ka soup),101.58,32.59,3.03,10.54,14.26,1.98,12088.21,56.23,2.68,30.99,150.94
Rich chocolate mousse,rich chocolate mousse,Rich chocolate mousse,101.52,188.26,10.84,7.96,12.19,0.0,51.71,54.59,0.97,0.7,31.64
Spicy chutney sandwich,spicy chutney sandwich,Spicy chutney sandwich,101.52,249.58,34.03,8.74,9.58,3.73,315.4,154.53,1.51,0.21,23.71
Split bengal gram dal and vegetable pulao (Channa dal and vegetable pulao),split bengal dal and vegetable pulao,Split bengal gram dal and vegetable pulao (Channa dal and vegetable pulao),101.03,116.53,19.72,3.6,2.3,3.16,98.07,19.09,0.82,27.07,104.21
Methi parantha/paratha,methi parantha paratha,Methi parantha/paratha,100.47,148.36,22.19,4.27,4.34,5.09,48.36,65.85,2.42,12.63,28.46
Rice moong dal cheela (Chawal aur moong dal ka cheela),rice moong dal cheela,Rice moong dal cheela (Chawal aur moong dal ka cheela),100.4,798.26,11.13,2.74,82.44,1.18,142.82,4.99,0.51,0.0,12.8
Green chutney,green chutney,Green chutney,100.0,79.42,10.01,5.42,1.6,5.84,262.81,112.74,4.58,7.35,15.53
Apple cake (Seb ka cake),apple cake,Apple cake (Seb ka cake),100.0,290.08,39.48,4.94,12.87,1.22,136.95,38.99,0.9,1.16,9.32
Gulab Jamun with khoya,gulab jamun with khoya,Gulab Jamun with khoya,100.0,586.06,26.09,2.03,53.23,0.07,15.09,67.32,0.39,0.02,16.44
Coffee ice cream,coffee ice cream,Coffee ice cream,100.0,150.62,14.09,3.15,9.43,0.0,42.09,95.72,0.15,2.16,7.18
Tomato chutney (Tamatar ki chutney),tomato chutney,Tomato chutney (Tamatar ki chutney),100.0,176.07,31.85,0.97,6.01,1.49,823.65,25.34,0.96,,
Christmas cake,christmas cake,Christmas cake,100.0,372.95,48.29,5.49,16.88,1.49,64.84,40.98,1.32,8.51,17.06
Chocolate sauce,chocolate sauce,Chocolate sauce,100.0,263.2,43.21,1.91,10.39,0.0,2.8,18.8,1.13,0.0,0.63
Mango ice cream,mango ice cream,Mango ice cream,100.0,125.69,11.14,3.4,7.62,0.52,29.13,67.17,0.39,44.98,142.26
Rasmalai,rasmalai,Rasmalai,100.0,135.55,29.17,1.61,2.11,0.07,16.46,62.31,0.15,2.69,11.29
Chocolate pudding,chocolate pudding,Chocolate pudding,100.0,211.96,29.59,3.55,9.48,0.53,171.36,64.56,0.6,0.75,18.08
Cold coffee (with cream),cold coffee,Cold coffee (with cream),100.0,82.76,11.98,1.93,3.29,0.0,15.35,64.43,0.14,2.56,9.52
Sarson ka saag,sarson ka saag,Sarson ka saag,100.0,87.84,5.33,3.0,5.86,3.69,165.45,134.41,2.43,59.58,128.42
Chinese fried rice,chinese fried rice,Chinese fried rice,99.85,120.58,13.4,4.05,5.43,2.31,248.36,34.7,0.99,67.39,136.83
Handi chicken,handi chicken,Handi chicken,99.85,166.02,1.49,12.32,12.46,0.67,75.64,26.85,0.93,1.47,20.46
Tamarind rice (Chintapandu pulihora/Puliyodharai/Puli sadam/Huli anna),tamarind rice,Tamarind rice (Chintapandu pulihora/Puliyodharai/Puli sadam/Huli anna),99.85,373.04,65.08,7.45,8.53,5.12,162.41,50.94,2.89,0.84,23.02
Fried fish (Indian style) (Tali hui machli),fried fish,Fried fish (Indian style) (Tali hui machli),99.85,658.54,5.4,4.35,68.88,0.61,156.94,11.11,0.56,7.22,35.19
Garlic soup,garlic soup,Garlic soup,99.85,194.86,6.99,2.38,17.62,1.66,179.26,60.55,0.73,11.12,21.85
Methi thepla,methi thepla,Methi thepla,99.85,346.16,41.34,8.98,15.95,7.56,543.27,73.51,4.52,1.06,15.26
Lentil soup,lentil soup,Lentil soup,99.85,31.17,3.94,9.65,11.68,2.57,10418.84,40.57,2.26,17.9,34.92
Fried Egg ,fried egg,Fried Egg ,99.85,223.67,0.31,11.59,19.62,0.29,446.96,46.4,1.69,0.0,24.77
Yam kofta curry (Zimikand/Suran kofta curry),yam kofta curry,Yam kofta curry (Zimikand/Suran kofta curry),99.44,322.88,3.75,0.71,33.84,1.04,42.22,8.35,0.31,36.07,43.47
Chicken lasagne,chicken lasagne,Chicken lasagne,98.77,187.49,13.9,10.45,10.36,0.11,238.55,119.98,0.64,4.23,61.02
Mango raita (Aam ka raita),mango raita,Mango raita (Aam ka raita),98.77,67.37,8.23,3.9,2.14,0.89,135.46,136.06,0.34,18.19,59.64
Lemon cake,lemon cake,Lemon cake,98.77,373.85,43.1,5.29,20.63,0.62,151.29,32.77,0.91,2.44,9.0
Vermicelli kheer (Semiya/Seviyan ki kheer),vermicelli kheer,Vermicelli kheer (Semiya/Seviyan ki kheer),98.77,120.07,15.87,3.35,5.0,0.5,22.52,104.8,0.3,4.06,16.29
Vegetable jalfrezi,vegetable jalfrezi,Vegetable jalfrezi,98.77,68.48,5.43,1.4,4.38,2.97,79.46,27.11,0.68,26.08,28.48
Vegetable samosa,vegetable samosa,Vegetable samosa,98.77,443.11,13.22,2.21,42.22,1.52,107.7,10.37,0.6,10.06,12.39
Coconut chutney (Nariyal ki chutney),coconut chutney,Coconut chutney (Nariyal ki chutney),98.77,265.92,8.29,3.59,25.0,6.73,428.28,15.7,1.25,4.13,4.74
Vegetable yakhni,vegetable yakhni,Vegetable yakhni,98.77,406.06,1.94,1.18,43.8,0.61,38.05,43.67,0.24,5.43,60.84
Tamarind chutney (Chintapandu pachadi/Puli chutney),tamarind chutney,Tamarind chutney (Chintapandu pachadi/Puli chutney),98.77,109.15,25.07,0.88,0.48,1.65,75.61,40.3,1.95,0.03,0.18
Banana raita (Kele ka raita),banana raita,Banana raita (Kele ka raita),98.77,89.03,13.51,4.13,2.07,1.0,135.43,133.23,0.31,5.73,27.58
Bread upma,bread upma,Bread upma,98.77,129.51,12.6,2.8,7.75,1.96,176.44,45.22,0.82,4.64,15.79
Tomato chicken,tomato chicken,Tomato chicken,98.77,111.68,2.13,10.57,6.71,1.42,104.83,21.24,0.87,24.53,24.19
Tandoori chicken,tandoori chicken,Tandoori chicken,98.77,145.2,2.34,16.26,7.93,0.5,158.0,44.33,0.9,39.53,182.73
Kashmiri masala,kashmiri masala,Kashmiri masala,98.77,389.02,23.16,8.26,31.03,12.12,3106.14,303.49,14.72,,
Cucumber raita (Kheere ka raita),cucumber raita,Cucumber raita (Kheere ka raita),98.77,59.13,6.35,4.04,2.08,0.86,189.96,138.58,0.29,5.65,26.92
Vegetable biryani/biriyani,vegetable biryani biriyani,Vegetable biryani/biriyani,98.74,174.61,18.56,3.16,9.51,3.31,183.79,33.52,0.86,39.35,77.54
Shahi chicken masala,shahi chicken masala,Shahi chicken masala,98.58,163.7,4.07,9.82,12.02,0.96,142.56,82.68,0.89,9.92,65.41
Stuffed brinjal (Bharwa baingan),stuffed brinjal,Stuffed brinjal (Bharwa baingan),97.99,93.0,3.96,1.53,7.73,4.09,212.88,24.37,0.75,1.13,17.11
Vegetable poha,vegetable poha,Vegetable poha,97.99,180.52,21.52,4.89,8.07,3.76,418.02,28.01,1.92,7.21,21.79
Pav bhaji masala,pav bhaji masala,Pav bhaji masala,97.97,230.47,29.15,9.13,10.96,24.3,1814.66,588.91,12.84,0.06,0.21
Spanish omelette/omlet,spanish omelette omlet,Spanish omelette/omlet,97.75,157.45,5.1,8.25,11.44,2.54,233.87,31.72,1.28,28.63,61.18
Stuffed round gourd (Bharwa tinde),stuffed round gourd,Stuffed round gourd (Bharwa tinde),97.39,72.8,4.02,1.1,5.75,2.1,180.15,20.21,0.59,37.36,71.07
Chicken chowmein,chicken chowmein,Chicken chowmein,96.75,151.33,13.3,6.33,8.23,1.64,288.15,26.1,0.89,84.96,102.27
Prawn curry (with coconut) (Jhinga curry),prawn curry,Prawn curry (with coconut) (Jhinga curry),96.75,109.55,3.1,8.54,6.93,1.56,375.86,37.25,0.96,3.72,43.62
Mexican rice,mexican rice,Mexican rice,96.75,120.57,14.21,4.62,4.88,1.64,93.42,14.51,0.55,42.71,53.09
Vegetable patties ,vegetable patties,Vegetable patties ,96.75,261.92,20.98,4.01,17.74,2.62,139.52,18.96,0.87,13.92,22.85
Peanut raita (Mungfali ka raita),peanut raita,Peanut raita (Mungfali ka raita),96.75,150.39,9.3,8.59,8.98,1.89,235.83,174.6,0.74,2.59,36.67
Rasam powder (Rasam masala),rasam powder,Rasam powder (Rasam masala),96.75,267.96,25.19,12.04,11.8,35.71,38.78,562.15,14.72,,
Paneer lababdar,paneer lababdar,Paneer lababdar,96.75,105.48,3.37,3.98,8.46,1.16,142.45,55.56,0.56,27.48,56.6
Carrot raita (Gajar ka raita),carrot raita,Carrot raita (Gajar ka raita),96.75,64.78,7.19,4.14,2.19,1.69,274.46,146.72,0.55,7.76,32.0
Mushroom sauce,mushroom sauce,Mushroom sauce,96.75,137.56,7.31,3.39,10.51,0.47,20.94,94.1,0.22,,
Egg sandwich (Ande ka sandwich),egg sandwich,Egg sandwich (Ande ka sandwich),96.75,285.96,29.16,8.69,15.8,1.88,461.67,110.13,1.44,0.0,14.92
Chicken stew,chicken stew,Chicken stew,96.75,127.55,4.44,7.19,8.91,1.82,79.62,31.53,0.9,20.89,36.31
Chicken salad,chicken salad,Chicken salad,96.75,338.19,1.3,15.33,30.26,2.0,50.62,43.19,1.23,4.92,35.5
Sprouted moong dal chat,sprouted moong dal chat,Sprouted moong dal chat,96.65,32.47,6.01,1.35,0.32,1.35,87.07,16.54,0.88,38.78,43.12
Pasta spinach sauce,pasta spinach sauce,Pasta spinach sauce,96.58,85.46,1.76,1.76,7.9,0.86,115.79,58.57,1.23,,
Coconut kheer (Nariyal ki kheer),coconut kheer,Coconut kheer (Nariyal ki kheer),96.33,162.61,14.42,3.4,10.55,1.53,45.97,89.52,0.53,12.21,49.34
Rasam with lemon (Nimmakaya rasam/Nimmakaya charu/Elumichai rasam/Nimbe hannina saaru),rasam with lemon,Rasam with lemon (Nimmakaya rasam/Nimmakaya charu/Elumichai rasam/Nimbe hannina saaru),96.25,24.41,2.85,1.11,0.87,1.54,102.77,15.56,0.52,19.71,28.91
Plain burfi (Burfi),plain burfi,Plain burfi (Burfi),95.5,408.32,30.88,9.82,27.96,0.17,31.65,355.78,1.5,0.05,23.94
Lemon curd filling,lemon curd filling,Lemon curd filling,95.5,225.62,26.41,3.43,12.58,0.0,34.9,16.39,0.6,0.64,3.21
Roast chicken,roast chicken,Roast chicken,94.93,199.9,0.1,20.49,13.06,0.03,71.71,13.61,0.79,0.3,13.16
Home made egg noodles,egg noodles,Home made egg noodles,94.93,240.84,42.92,6.55,4.37,1.6,177.24,15.96,1.15,0.0,30.08
Vegetable mix,vegetable mix,Vegetable mix,94.93,174.21,36.02,4.7,0.94,1.93,34.94,90.06,2.27,8.48,36.84
Coconut burfi (Nariyal ki burfi),coconut burfi,Coconut burfi (Nariyal ki burfi),94.93,467.64,32.15,8.81,34.63,3.5,27.63,272.81,1.82,0.0,26.6
Sesame toast,sesame toast,Sesame toast,94.93,495.19,11.15,1.9,49.38,1.32,128.78,43.44,0.72,6.92,8.87
Methi malai paneer,methi malai paneer,Methi malai paneer,94.91,194.98,8.15,7.34,14.76,1.47,221.16,183.96,0.77,13.6,73.86
Mutton do piaza,mutton do piaza,Mutton do piaza,94.8,183.3,4.14,9.39,14.41,1.93,118.62,118.61,1.63,7.42,67.3
Jackfruit kofta curry (Kathal ka kofta curry),jackfruit kofta curry,Jackfruit kofta curry (Kathal ka kofta curry),94.6,321.08,3.17,0.8,33.83,0.96,40.04,11.36,0.24,27.49,63.24
Vegetables stir fry ,vegetables stir fry,Vegetables stir fry ,94.6,30.78,3.19,1.04,1.47,1.37,55.0,13.3,0.34,38.17,61.93
Beans with coconut (Nariyal aur sem/phali; Beans thoran),beans with coconut,Beans with coconut (Nariyal aur sem/phali; Beans thoran),94.6,131.63,4.39,2.62,11.39,5.59,271.65,51.92,1.34,6.03,75.87
Paneer parantha/paratha,paneer parantha paratha,Paneer parantha/paratha,94.39,262.97,24.33,7.98,14.62,4.0,142.52,127.65,1.7,1.69,29.0
Cauliflower with coconut (Nariyal ke saath phoolgobhi),cauliflower with coconut,Cauliflower with coconut (Nariyal ke saath phoolgobhi),93.83,132.11,3.99,2.64,11.56,5.27,286.06,35.37,1.33,51.79,59.84
Paneer pakora/pakoda,paneer pakora pakoda,Paneer pakora/pakoda,93.78,718.12,5.52,3.27,76.05,0.89,131.7,43.38,0.43,0.07,143.43
Chicken sweet and sour,chicken sweet and sour,Chicken sweet and sour,93.66,445.09,2.67,6.92,47.59,0.58,1809.94,21.98,0.93,37.78,50.11
Crispy baked fish,crispy baked fish,Crispy baked fish,93.6,138.4,9.59,10.95,6.41,1.21,192.42,60.04,0.55,16.97,46.78
Spaghetti and cheese balls in tomato sauce,spaghetti and cheese balls in tomato sauce,Spaghetti and cheese balls in tomato sauce,93.48,508.32,7.82,2.41,52.08,0.59,104.14,40.59,0.32,57.67,115.96
Apple cinnamon pie,apple cinnamon pie,Apple cinnamon pie,93.48,258.73,33.68,3.35,12.21,1.77,60.14,16.14,0.65,2.24,11.58
Cheese and mushroom omelette/omlet,cheese and mushroom omelette omlet,Cheese and mushroom omelette/omlet,92.99,205.63,1.68,9.69,17.82,0.93,400.29,148.77,1.01,0.48,32.02
Cauliflower au gratin,cauliflower au gratin,Cauliflower au gratin,92.82,145.9,9.13,4.45,10.2,1.44,164.96,119.69,0.57,50.15,69.55
Dry mango chutney (Sookhe aam ki chutney),dry mango chutney,Dry mango chutney (Sookhe aam ki chutney),92.82,298.13,69.17,2.43,0.7,3.74,437.91,72.05,3.98,0.25,5.17
Vegetable khichdi/khichri,vegetable khichdi khichri,Vegetable khichdi/khichri,92.82,143.17,19.57,5.61,4.53,2.45,193.55,100.54,1.09,,
Moong dal with vadi,moong dal with vadi,Moong dal with vadi,92.77,24.08,1.0,0.4,2.05,0.39,112.36,2.99,0.18,10.19,11.52
Cauliflower parantha/paratha (Phoolgobhi ka parantha/paratha),cauliflower parantha paratha,Cauliflower parantha/paratha (Phoolgobhi ka parantha/paratha),91.98,178.07,18.84,3.73,9.47,4.68,190.03,22.0,1.59,17.61,26.32
Hot and sour soup,hot and sour soup,Hot and sour soup,91.91,31.51,1.78,3.12,1.31,0.6,163.26,10.68,0.43,24.59,39.83
Cheese and tomato sandwich (Cheese aur tamatar ke sandwich),cheese and tomato sandwich,Cheese and tomato sandwich (toasted) (Cheese aur tamatar ke sandwich (toasted)),91.88,243.32,26.92,7.92,12.27,1.97,549.71,191.2,1.0,3.16,12.18
Kadhai Paneer,kadhai paneer,Kadhai Paneer,91.8,107.99,7.34,4.33,6.81,2.07,144.33,91.53,0.65,85.83,117.12
Bottle gourd soup (Ghiya/Lauki soup),bottle gourd soup,Bottle gourd soup (Ghiya/Lauki soup),91.79,23.05,1.16,0.45,1.79,0.96,53.81,15.14,0.26,6.0,52.73
Lemon and ginger squash (Nimbu aur adrak ka squash),lemon and ginger squash,Lemon and ginger squash (Nimbu aur adrak ka squash),91.7,170.34,44.06,0.54,0.21,1.07,16.19,11.18,0.52,,
Chat masala,chat masala,Chat masala,91.5,222.58,23.87,8.19,9.91,18.62,11873.64,519.5,13.27,,
Minestrone soup,minestrone soup,Minestrone soup,91.38,42.66,3.71,9.3,11.09,1.92,8875.06,53.55,1.82,19.43,23.24
Spinach and potato (Palak aloo),spinach and potato,Spinach and potato (Palak aloo),91.38,57.17,5.91,1.63,2.82,2.04,62.46,43.67,1.59,78.73,242.0
Poha,poha,Poha,91.38,294.53,35.05,6.09,14.14,3.72,377.1,37.67,3.01,6.62,11.96
Peas kachori (Matar kachori),peas kachori,Peas kachori (Matar kachori),91.38,584.68,13.25,3.21,57.51,2.03,55.45,14.25,0.77,10.11,16.43
Idli,idli,Instant idli (with semolina),91.38,137.54,28.18,4.64,0.33,2.31,100.83,8.0,0.68,0.0,2.95
Panchmel dal,panchmel dal,Panchmel dal,91.38,111.22,10.71,4.63,5.36,3.2,79.46,23.05,1.42,8.49,79.58
Semolina halwa (Suji ka halwa),semolina halwa,Semolina halwa (Suji ka halwa),91.38,225.65,24.67,2.16,13.38,1.86,1.28,11.77,0.65,0.05,7.96
Boiled egg (Ubla anda),boiled egg,Boiled egg (Ubla anda),91.38,45.35,0.12,4.43,3.04,0.11,170.94,17.75,0.64,0.0,24.77
Cabbage kofta curry (Pattagobhi kofta curry),cabbage kofta curry,Cabbage kofta curry (Pattagobhi kofta curry),91.38,639.81,2.87,0.98,69.4,0.9,92.85,15.46,0.34,43.56,90.4
Mixed dal,mixed dal,Mixed dal,91.38,61.93,5.79,2.51,3.1,1.62,141.36,11.0,0.78,1.1,40.35
Sambar,sambar,Sambar,91.38,96.92,10.57,3.35,4.38,3.52,159.54,30.24,1.24,20.35,68.19
Horsegram dal (Kulthi dal) ,horsegram dal,Horsegram dal (Kulthi dal) ,91.38,55.65,8.21,2.91,1.13,1.52,63.63,38.22,1.3,13.98,86.1
Pomegranate raita (Anaar ka raita),pomegranate raita,Pomegranate raita (Anaar ka raita),91.38,72.64,7.15,4.05,3.24,0.6,195.18,138.31,0.25,4.6,23.86
Sweet rice (Meethe chawal),sweet rice,Sweet rice (Meethe chawal),91.38,215.41,42.59,2.1,4.57,1.13,3.2,11.38,0.34,0.21,10.65
Scrambled egg (Ande ki bhurji),scrambled egg,Scrambled egg (Ande ki bhurji),91.38,155.97,1.35,10.29,12.21,0.24,374.66,64.59,1.42,0.3,25.82
Carrot halwa (Gajar ka halwa),carrot halwa,Carrot halwa (Gajar ka halwa),91.38,172.64,18.53,3.11,9.73,2.65,39.96,106.94,0.76,6.53,44.8
Dal dhokli,dal dhokli,Dal dhokli,91.38,68.74,8.55,2.96,2.47,1.86,37.53,14.54,0.79,2.77,45.31
Vermicelli upma (Semiya/Seviyan upma),vermicelli upma,Vermicelli upma (Semiya/Seviyan upma),91.38,149.11,16.88,3.11,7.45,3.21,101.8,20.3,0.93,4.64,12.64
Gobi 65,gobi,Gobi 65,91.38,278.29,3.59,0.56,29.11,0.57,69.22,12.37,0.3,27.52,37.66
Paneer stuffed cheela/chilla,paneer stuffed cheela chilla,Paneer stuffed cheela/chilla,90.83,205.19,19.16,11.44,8.89,4.03,289.1,151.3,2.41,19.76,116.52
Stuffed baked potatoes ,stuffed baked potatoes,Stuffed baked potatoes ,90.8,100.2,11.03,3.82,4.39,1.31,92.09,25.72,0.81,18.77,23.25
Tutti frutti cake,tutti frutti cake,Tutti frutti cake,90.42,347.72,52.94,4.49,12.68,0.85,106.36,61.41,0.62,1.9,76.45
Chocolate eggless cake,chocolate eggless cake,Chocolate eggless cake,90.42,312.01,43.45,6.66,13.19,0.32,196.61,185.38,0.95,2.67,14.7
Paneer pea sandwich (toasted) (Paneer matar ka sandwich),paneer pea sandwich,Paneer pea sandwich (toasted) (Paneer matar ka sandwich),89.98,249.56,24.05,12.4,11.98,2.12,268.9,274.1,1.26,4.85,52.13
Carrot and fenugreek leaves (Gajar methi),carrot and fenugreek leaves,Carrot and fenugreek leaves (Gajar methi),89.7,61.92,4.17,2.1,3.81,4.43,262.91,128.83,2.72,51.83,81.67
Vegetable cutlet,vegetable cutlet,Vegetable cutlet,89.65,665.45,4.68,1.25,71.33,0.93,85.38,13.55,0.4,16.89,30.52
Chicken sandwich,chicken sandwich,Chicken sandwich (toasted),89.65,253.27,25.38,13.12,11.75,1.64,389.67,89.56,1.19,0.0,11.1
Dry potato (Sookhe aloo),dry potato,Dry potato (Sookhe aloo),89.65,103.15,14.38,1.62,4.18,1.88,199.99,17.2,0.83,23.23,15.7
Lobia curry,lobia curry,Lobia curry,89.62,148.99,17.88,6.06,5.62,4.57,355.41,36.8,2.21,15.13,86.78
Pea kofta curry (Matar kofta curry),pea kofta curry,Pea kofta curry (Matar kofta curry),89.55,595.66,4.17,2.01,63.39,1.7,83.07,13.84,0.56,74.66,129.13
Spinach kofta curry (Palak kofta curry),spinach kofta curry,Spinach kofta curry (Palak kofta curry),88.84,571.78,3.56,1.09,61.49,0.92,104.51,29.31,0.83,64.05,250.89
Lemon butter fish,lemon butter fish,Lemon butter fish,88.55,160.25,0.75,16.38,10.26,0.36,187.72,18.66,0.4,8.7,19.1
Almond soup (Badam ka soup),almond soup,Almond soup (Badam ka soup),88.15,78.65,3.68,10.13,13.8,0.91,8376.94,114.95,2.83,7.68,38.67
Bhel puri ,bhel puri,Bhel puri ,88.15,509.89,16.47,3.52,47.91,2.24,93.98,24.22,1.29,31.61,157.03
Jal jeera,jal jeera,Jal jeera,88.15,30.24,6.7,0.44,0.26,0.95,215.62,24.72,0.84,2.23,4.47
Potato fenugreek (Aloo methi),potato fenugreek,Potato fenugreek (Aloo methi),88.15,135.15,8.47,2.25,10.04,2.93,221.93,107.8,2.53,68.76,73.14
Whole masoor (Masoor ki dal),whole masoor,Whole masoor (Masoor ki dal),88.15,54.05,5.37,2.28,2.52,1.98,123.72,12.2,0.95,11.04,48.17
Gram flour ladoo (Besan ladoo),flour ladoo,Gram flour ladoo (Besan ladoo),88.15,476.91,62.61,8.93,22.76,4.43,5.48,25.35,1.51,0.0,24.79
Bottle gourd burfi (Ghiya/Lauki burfi),bottle gourd burfi,Bottle gourd burfi (Ghiya/Lauki burfi),88.11,275.96,24.51,5.86,17.68,0.73,18.15,215.85,0.93,1.08,34.06
Hot chocolate,hot chocolate,Hot chocolate,87.97,90.01,9.02,3.43,4.61,0.0,36.04,113.63,0.33,3.62,13.41
Peanut chutney (Mungfali ki chutney),peanut chutney,Peanut chutney (Mungfali ki chutney),87.97,258.37,9.87,11.8,19.06,5.73,475.34,34.79,1.99,4.2,10.14
Cheese balls,cheese balls,Cheese balls,87.97,681.28,4.81,2.21,72.57,0.18,120.7,30.01,0.32,0.01,2.95
Eggless cake,eggless cake,Eggless cake,87.97,318.08,46.14,8.12,11.75,0.68,310.5,212.97,0.61,1.35,7.58
Onion chutney (Pyaaz ki chutney/Vengaya chutney),onion chutney,Onion chutney (Pyaaz ki chutney/Vengaya chutney),87.97,143.94,13.52,2.97,8.38,4.6,256.89,28.5,1.19,2.83,17.03
Chocolate cake,chocolate cake,Chocolate cake,87.97,335.61,45.14,6.01,15.18,0.64,241.93,41.13,1.08,0.15,9.21
Sprouted moong daliya ,sprouted moong daliya,Sprouted moong daliya ,87.94,111.56,14.77,2.81,4.71,3.12,196.73,22.62,1.29,7.53,35.24
Mutton biryani/biriyani,mutton biryani biriyani,Mutton biryani/biriyani,87.78,190.76,22.5,7.38,7.72,2.42,262.64,68.58,1.29,10.28,30.07
Garlic chutney/Poondu chutney (Lahasun ki chutney),garlic chutney poondu chutney,Garlic chutney/Poondu chutney (Lahasun ki chutney),87.43,255.51,20.44,3.34,17.55,5.15,177.62,63.51,3.26,5.7,16.82
Spicy corn chaat ,spicy corn chaat,Spicy corn chaat ,87.43,479.8,11.45,4.61,46.55,2.17,86.5,17.28,0.84,14.1,227.37
Split bengal gram dal (Channa dal),split bengal dal,Split bengal gram dal (Channa dal),87.39,99.67,9.99,4.15,4.62,3.72,46.4,21.99,1.92,13.38,103.45
Makki ki roti,makki ki roti,Makki ki roti,87.3,263.97,24.19,3.49,16.85,5.19,236.22,14.76,1.11,1.99,10.72
Mushroom pulao,mushroom pulao,Mushroom pulao,87.27,124.29,19.02,2.52,4.03,1.88,222.36,13.54,0.39,3.42,26.77
Rice dal porridge (Chawal dal ki khichdi/khichri),rice dal porridge,Rice dal porridge (Chawal dal ki khichdi/khichri),87.04,383.33,65.04,10.8,8.33,4.51,12.33,50.46,2.76,0.0,11.87
Mixed vegetable salad with curd sauce,mixed vegetable salad with curd sauce,Mixed vegetable salad with curd sauce,86.68,60.28,7.03,4.23,1.5,3.79,116.66,65.51,1.35,37.73,86.34
Paneer soup,paneer soup,Paneer soup,86.64,47.85,2.42,3.22,2.8,0.28,68.03,82.76,0.3,7.59,106.5
Paneer kheer,paneer kheer,Paneer kheer,86.64,105.31,10.03,4.53,5.37,0.07,23.81,144.66,0.26,5.06,41.81
Chickpeas curry (Safed channa curry),chickpeas curry,Chickpeas curry (Safed channa curry),86.49,163.43,19.98,6.1,6.84,4.73,357.99,30.61,1.82,16.33,184.58
Jackfruit sabzi (Kathal ki sabzi),jackfruit sabzi,Jackfruit sabzi (Kathal ki sabzi),86.49,625.4,3.4,0.69,67.6,1.02,58.95,9.85,0.27,14.11,32.14
Lemon cookies,lemon cookies,Lemon cookies,86.49,394.48,42.19,5.63,23.02,0.78,84.71,72.04,0.69,1.5,10.76
Vegetable burger,vegetable burger,Vegetable burger,86.49,519.93,13.69,3.26,50.63,1.7,168.97,26.08,0.7,24.68,40.96
Egg sauce,egg sauce,Egg sauce,86.49,146.85,5.88,5.97,11.08,0.12,51.54,89.49,0.65,,
Masala onion pakora/pakoda (Pyaaz ke pakode),masala onion pakora pakoda,Masala onion pakora/pakoda (Pyaaz ke pakode),86.39,551.64,6.48,2.05,57.61,1.44,99.22,11.06,0.42,1.18,14.65
Mixed vegetable soup,mixed vegetable soup,Mixed vegetable soup,86.21,35.71,2.95,8.22,11.66,1.64,9202.27,50.69,1.74,20.06,31.61
Carrot and cabbage with coconut (Nariyal ke saath pattagobhi aur gajar),carrot and cabbage with coconut,Carrot and cabbage with coconut (Nariyal ke saath pattagobhi aur gajar),86.14,106.61,4.99,1.82,8.62,4.52,219.6,48.63,0.84,41.01,72.27
Strawberry ice cream,strawberry ice cream,Strawberry ice cream,86.02,215.61,12.26,4.15,16.96,0.0,37.62,77.08,0.34,2.13,22.0
Banana cake (Kele ka cake),banana cake,Banana cake (Kele ka cake),85.95,389.51,40.0,5.77,23.31,1.14,117.81,23.55,1.14,0.98,11.33
Iced tea,iced tea,Iced tea,85.95,10.34,2.7,0.03,0.01,0.0,0.23,1.18,0.02,5.95,1.28
Saffron milk (Kesariya doodh),saffron milk,Saffron milk (Kesariya doodh),85.95,102.18,12.64,3.17,4.57,0.14,23.69,110.88,0.21,4.84,17.96
Classic italian pasta,italian pasta,Classic italian pasta,85.95,42.12,4.4,0.57,2.45,1.36,49.04,19.55,0.41,,
Marble cake,marble cake,Marble cake,85.95,354.11,46.88,6.3,16.27,0.71,138.48,39.6,1.12,0.08,8.85
Swiss roll,swiss roll,Swiss roll,85.95,251.87,48.34,7.3,3.77,0.55,51.9,24.11,1.19,0.0,14.36
Roast potatoes ,roast potatoes,Roast potatoes ,85.95,87.32,14.52,1.53,2.35,1.71,90.67,10.38,0.57,17.36,11.66
Mango cheesecake,mango cheesecake,Mango cheesecake,85.95,152.46,20.06,2.39,7.3,1.14,107.12,55.1,0.53,24.93,68.68
Potato salad (Aloo ka salaad),potato salad,Potato salad (Aloo ka salaad),85.95,89.91,11.19,1.4,4.4,1.32,125.01,25.61,0.99,58.78,52.72
Mutton yakhni,mutton yakhni,Mutton yakhni,85.95,104.13,0.84,8.27,7.7,0.67,101.02,88.61,1.66,0.09,6.51
Banana chips (Kele ke chips),banana chips,Banana chips (Kele ke chips),85.95,665.67,7.32,0.37,70.46,0.65,86.87,2.01,0.19,4.03,8.97
Spring roll,spring roll,Spring roll,85.95,623.87,8.56,1.81,64.63,0.67,132.84,9.51,0.49,4.59,9.59
Carrot cake (Gajar ka cake),carrot cake,Carrot cake (Gajar ka cake),85.95,255.59,35.98,5.6,10.27,2.93,158.74,156.1,1.03,3.12,17.06
Cabbage rolls (dry) ((Pattagobhi rolls) (dry)),cabbage rolls,Cabbage rolls (curry) ((Pattagobhi rolls)(curry)),85.95,142.48,6.09,8.21,9.36,1.84,118.05,31.54,0.98,12.69,19.01
Oatmeal Porridge,oatmeal porridge,Oatmeal Porridge,85.95,72.85,8.77,2.6,3.22,0.39,16.14,76.83,0.28,5.03,23.98
Soya chunks and peas (Nutrinugget matar),soya chunks and peas,Soya chunks and peas (Nutrinugget matar),85.9,82.62,5.82,3.03,5.11,2.86,70.97,20.32,0.99,39.15,52.1
Fried chicken with tomato sauce (Fried chicken tamatar ki chutney kay saath),fried chicken with tomato sauce,Fried chicken with tomato sauce (Fried chicken tamatar ki chutney kay saath),84.64,125.03,2.51,11.48,7.61,1.13,107.56,16.09,0.64,10.78,17.41
Cheese and mushroom tart,cheese and mushroom tart,Cheese and mushroom tart,84.22,246.1,21.43,5.51,15.28,1.18,212.42,100.97,0.59,6.53,7.96
Chocolate burfi,chocolate burfi,Chocolate burfi,84.13,339.33,33.15,13.0,17.86,0.0,39.32,466.48,2.12,0.0,23.85
Orange cake,orange cake,Orange cake,84.13,357.61,48.28,6.1,16.21,0.83,105.41,29.72,1.06,1.88,9.25
Kale salad,kale salad,Kale salad,84.13,177.71,5.01,4.86,15.33,1.36,292.04,109.11,1.3,30.49,35.39
Chocolate chip cookies,chocolate chip cookies,Chocolate chip cookies,84.04,425.29,57.98,5.79,19.38,1.05,278.29,24.76,1.22,0.0,2.62
Raw mango chutney (Kachhe aam/Kairi ki chutney),raw mango chutney,Raw mango chutney (Kachhe aam/Kairi ki chutney),84.04,193.13,49.94,0.51,0.16,2.17,480.68,25.92,0.48,,
